{
  "items": [
    {
      "id": "kh",
      "name": "Cambodia",
      "capital": "Phnom Penh",
      "continent": "Asia",
      "flagImage": "assets/flags/cambodia_flag.png",
      "mapImage": "assets/maps/cambodia_map.png"
    },
    {
      "id": "vn",
      "name": "Vietnam",
      "capital": "Hanoi",
      "continent": "Asia",
      "flagImage": "assets/flags/vietnam_flag.png",
      "mapImage": "assets/maps/vietnam_map.png"
    },
    {
      "id": "jp",
      "name": "Japan",
      "capital": "Tokyo",
      "continent": "Asia",
      "flagImage": "assets/flags/japan_flag.png",
      "mapImage": "assets/maps/japan_map.png"
    },
    {
      "id": "kr",
      "name": "South Korea",
      "capital": "Seoul",
      "continent": "Asia",
      "flagImage": "assets/flags/south_korea_flag.png",
      "mapImage": "assets/maps/south_korea_map.png"
    },
    {
      "id": "fr",
      "name": "France",
      "capital": "Paris",
      "continent": "Europe",
      "flagImage": "assets/flags/france_flag.png",
      "mapImage": "assets/maps/france_map.png"
    },
    {
      "id": "de",
      "name": "Germany",
      "capital": "Berlin",
      "continent": "Europe",
      "flagImage": "assets/flags/germany_flag.png",
      "mapImage": "assets/maps/germany_map.png"
    },
    {
      "id": "gb",
      "name": "United Kingdom",
      "capital": "London",
      "continent": "Europe",
      "flagImage": "assets/flags/uk_flag.png",
      "mapImage": "assets/maps/uk_map.png"
    },
    {
      "id": "us",
      "name": "United States",
      "capital": "Washington, D.C.",
      "continent": "America",
      "flagImage": "assets/flags/usa_flag.png",
      "mapImage": "assets/maps/usa_map.png"
    },
    {
      "id": "br",
      "name": "Brazil",
      "capital": "Brasília",
      "continent": "America",
      "flagImage": "assets/flags/brazil_flag.png",
      "mapImage": "assets/maps/brazil_map.png"
    },
    {
      "id": "za",
      "name": "South Africa",
      "capital": "Pretoria",
      "continent": "Africa",
      "flagImage": "assets/flags/south_africa_flag.png",
      "mapImage": "assets/maps/south_africa_map.png"
    },
    {
    "id": "la",
    "name": "Laos",
    "capital": "Vientiane",
    "continent": "Asia",
    "flagImage": "assets/flags/laos_flag.png",
    "mapImage": "assets/maps/laos_map.png"
    },
    {
    "id": "mm",
    "name": "Myanmar",
    "capital": "Naypyidaw",
    "continent": "Asia",
    "flagImage": "assets/flags/myanmar_flag.png",
    "mapImage": "assets/maps/myanmar_map.png"
    },
    {
    "id": "my",
    "name": "Malaysia",
    "capital": "Kuala Lumpur",
    "continent": "Asia",
    "flagImage": "assets/flags/malaysia_flag.png",
    "mapImage": "assets/maps/malaysia_map.png"
    },
    {
    "id": "id",
    "name": "Indonesia",
    "capital": "Jakarta",
    "continent": "Asia",
    "flagImage": "assets/flags/indonesia_flag.png",
    "mapImage": "assets/maps/indonesia_map.png"
    },
    {
    "id": "ph",
    "name": "Philippines",
    "capital": "Manila",
    "continent": "Asia",
    "flagImage": "assets/flags/philippines_flag.png",
    "mapImage": "assets/maps/philippines_map.png"
    },

    {
    "id": "it",
    "name": "Italy",
    "capital": "Rome",
    "continent": "Europe",
    "flagImage": "assets/flags/italy_flag.png",
    "mapImage": "assets/maps/italy_map.png"
    },
    {
    "id": "es",
    "name": "Spain",
    "capital": "Madrid",
    "continent": "Europe",
    "flagImage": "assets/flags/spain_flag.png",
    "mapImage": "assets/maps/spain_map.png"
    },
    {
    "id": "nl",
    "name": "Netherlands",
    "capital": "Amsterdam",
    "continent": "Europe",
    "flagImage": "assets/flags/netherlands_flag.png",
    "mapImage": "assets/maps/netherlands_map.png"
    },
    {
    "id": "be",
    "name": "Belgium",
    "capital": "Brussels",
    "continent": "Europe",
    "flagImage": "assets/flags/belgium_flag.png",
    "mapImage": "assets/maps/belgium_map.png"
    },

    {
    "id": "ca",
    "name": "Canada",
    "capital": "Ottawa",
    "continent": "America",
    "flagImage": "assets/flags/canada_flag.png",
    "mapImage": "assets/maps/canada_map.png"
    },
    {
    "id": "mx",
    "name": "Mexico",
    "capital": "Mexico City",
    "continent": "America",
    "flagImage": "assets/flags/mexico_flag.png",
    "mapImage": "assets/maps/mexico_map.png"
    },
    {
    "id": "ar",
    "name": "Argentina",
    "capital": "Buenos Aires",
    "continent": "America",
    "flagImage": "assets/flags/argentina_flag.png",
    "mapImage": "assets/maps/argentina_map.png"
    },

    {
    "id": "eg",
    "name": "Egypt",
    "capital": "Cairo",
    "continent": "Africa",
    "flagImage": "assets/flags/egypt_flag.png",
    "mapImage": "assets/maps/egypt_map.png"
    },
    {
    "id": "ng",
    "name": "Nigeria",
    "capital": "Abuja",
    "continent": "Africa",
    "flagImage": "assets/flags/nigeria_flag.png",
    "mapImage": "assets/maps/nigeria_map.png"
    },
    {
    "id": "ke",
    "name": "Kenya",
    "capital": "Nairobi",
    "continent": "Africa",
    "flagImage": "assets/flags/kenya_flag.png",
    "mapImage": "assets/maps/kenya_map.png"
    }

  ]
}
